"State","County","percent_smoking"
"AK","Aleutians East",15.6
"AK","Aleutians West",17.7
"AK","Anchorage",13.1
"AK","Bethel",22.1
"AK","Bristol Bay",19.6
"AK","Denali/Yukon-Koyukuk",21.6
"AK","Dillingham",21
"AK","Fairbanks North Star",14.8
"AK","Haines",11.6
"AK","Hoonah-Angoon/Skagway/Yakutat and",13.9
"AK","Juneau and",12.3
"AK","Kenai Peninsula",16.6
"AK","Ketchikan Gateway/Petersburg/Prince of Wales-Hyder/Wrangell and",15.3
"AK","Kodiak Island",15.2
"AK","Lake and Peninsula",19.5
"AK","Matanuska-Susitna",17.1
"AK","Nome",25.5
"AK","North Slope",25.5
"AK","Northwest Arctic",29.8
"AK","Sitka and",12.8
"AK","Southeast Fairbanks",16.4
"AK","Valdez-Cordova",15.5
"AK","Wade Hampton",25.1
"AL","Autauga",18.4
"AL","Baldwin",16
"AL","Barbour",18.7
"AL","Bibb",22.6
"AL","Blount",19.9
"AL","Bullock",18.5
"AL","Butler",20.2
"AL","Calhoun",19.9
"AL","Chambers",21
"AL","Cherokee",19.8
"AL","Chilton",21.1
"AL","Choctaw",17.6
"AL","Clarke",17.7
"AL","Clay",22.5
"AL","Cleburne",22.8
"AL","Coffee",16.7
"AL","Colbert",18.7
"AL","Conecuh",19.8
"AL","Coosa",22.5
"AL","Covington",21.4
"AL","Crenshaw",20.4
"AL","Cullman",20.1
"AL","Dale",17.6
"AL","Dallas",18
"AL","DeKalb",20.9
"AL","Elmore",19.2
"AL","Escambia",20.8
"AL","Etowah",20.9
"AL","Fayette",21
"AL","Franklin",19.1
"AL","Geneva",21
"AL","Greene",16.7
"AL","Hale",17.6
"AL","Henry",17.2
"AL","Houston",18.3
"AL","Jackson",22.3
"AL","Jefferson",15.9
"AL","Lamar",20
"AL","Lauderdale",17
"AL","Lawrence",19.7
"AL","Lee",14.8
"AL","Limestone",17.1
"AL","Lowndes",16.6
"AL","Macon",16.1
"AL","Madison",14
"AL","Marengo",14.6
"AL","Marion",20.8
"AL","Marshall",21
"AL","Mobile",18.1
"AL","Monroe",19.7
"AL","Montgomery",14.7
"AL","Morgan",19
"AL","Perry",17
"AL","Pickens",19.3
"AL","Pike",16.1
"AL","Randolph",22
"AL","Russell",19.7
"AL","Shelby",12.7
"AL","St. Clair",19.5
"AL","Sumter",15.6
"AL","Talladega",20
"AL","Tallapoosa",19.8
"AL","Tuscaloosa",16.1
"AL","Walker",22
"AL","Washington",18.7
"AL","Wilcox",17.2
"AL","Winston",21.6
"AR","Arkansas",20.8
"AR","Ashley",19.9
"AR","Baxter",21.2
"AR","Benton",15.6
"AR","Boone",20.9
"AR","Bradley",20.1
"AR","Calhoun",22.8
"AR","Carroll",18.7
"AR","Chicot",18.5
"AR","Clark",17.2
"AR","Clay",24.5
"AR","Cleburne",20
"AR","Cleveland",19.8
"AR","Columbia",17.9
"AR","Conway",20.4
"AR","Craighead",18.7
"AR","Crawford",22.3
"AR","Crittenden",19.4
"AR","Cross",21.1
"AR","Dallas",22
"AR","Desha",19.7
"AR","Drew",17.4
"AR","Faulkner",16.2
"AR","Franklin",22.2
"AR","Fulton",21.7
"AR","Garland",21.6
"AR","Grant",20.5
"AR","Greene",23.9
"AR","Hempstead",18.1
"AR","Hot Spring",23.3
"AR","Howard",20.2
"AR","Independence",20.8
"AR","Izard",21.7
"AR","Jackson",24.2
"AR","Jefferson",18.1
"AR","Johnson",19.6
"AR","Lafayette",19.6
"AR","Lawrence",23.7
"AR","Lee",22
"AR","Lincoln",21.8
"AR","Little River",20.3
"AR","Logan",22.9
"AR","Lonoke",18.8
"AR","Madison",22.1
"AR","Marion",21.6
"AR","Miller",21.4
"AR","Mississippi",22.1
"AR","Monroe",20.2
"AR","Montgomery",21.5
"AR","Nevada",20.1
"AR","Newton",20
"AR","Ouachita",19.7
"AR","Perry",23.1
"AR","Phillips",20.2
"AR","Pike",20.2
"AR","Poinsett",24.8
"AR","Polk",21.2
"AR","Pope",18.1
"AR","Prairie",20.8
"AR","Pulaski",14.9
"AR","Randolph",21.9
"AR","Saline",20
"AR","Scott",22.9
"AR","Searcy",22.4
"AR","Sebastian",21.1
"AR","Sevier",19.6
"AR","Sharp",22.3
"AR","St. Francis",19.6
"AR","Stone",21.8
"AR","Union",20.3
"AR","Van Buren",20.9
"AR","Washington",16.1
"AR","White",19.7
"AR","Woodruff",21.2
"AR","Yell",21
"AZ","Apache",17.8
"AZ","Cochise",14.2
"AZ","Coconino",13.9
"AZ","Gila",19.2
"AZ","Graham",16
"AZ","Greenlee",13.8
"AZ","La Paz",18.3
"AZ","Maricopa",13.1
"AZ","Mohave",21.8
"AZ","Navajo",16.8
"AZ","Pima",13.3
"AZ","Pinal",17.3
"AZ","Santa Cruz",10.5
"AZ","Yavapai",16.6
"AZ","Yuma",12
"CA","Alameda",8.6
"CA","Alpine",11.7
"CA","Amador",16.5
"CA","Butte",15.2
"CA","Calaveras",14.3
"CA","Colusa",13.1
"CA","Contra Costa",9.2
"CA","Del Norte",18.7
"CA","El Dorado",11.8
"CA","Fresno",11.3
"CA","Glenn",14.9
"CA","Humboldt",15.4
"CA","Imperial",9.6
"CA","Inyo",14.3
"CA","Kern",12.3
"CA","Kings",12
"CA","Lake",16.5
"CA","Lassen",16.9
"CA","Los Angeles",8.3
"CA","Madera",13.4
"CA","Marin",7.7
"CA","Mariposa",13.9
"CA","Mendocino",15.1
"CA","Merced",12.6
"CA","Modoc",14.6
"CA","Mono",12
"CA","Monterey",9.6
"CA","Napa",10.3
"CA","Nevada",11.1
"CA","Orange",7.8
"CA","Placer",10.3
"CA","Plumas",15.5
"CA","Riverside",11.4
"CA","Sacramento",12.6
"CA","San Benito",10
"CA","San Bernardino",11.2
"CA","San Diego",9.2
"CA","San Francisco",7.6
"CA","San Joaquin",13.6
"CA","San Luis Obispo",10
"CA","San Mateo",7.4
"CA","Santa Barbara",9.2
"CA","Santa Clara",7.1
"CA","Santa Cruz",8.6
"CA","Shasta",17
"CA","Sierra",15.6
"CA","Siskiyou",14.9
"CA","Solano",11.5
"CA","Sonoma",11.3
"CA","Stanislaus",13.5
"CA","Sutter",13.7
"CA","Tehama",17.5
"CA","Trinity",16.1
"CA","Tulare",11.4
"CA","Tuolumne",16.6
"CA","Ventura",8.9
"CA","Yolo",9.2
"CA","Yuba",15.6
"CO","Adams/Boulder/Broomfield/Jefferson/Weld",12.3
"CO","Alamosa",12.8
"CO","Arapahoe",11.3
"CO","Archuleta",12.7
"CO","Baca",15.9
"CO","Bent",19.7
"CO","Chaffee",14.6
"CO","Cheyenne",15.1
"CO","Clear Creek",12.5
"CO","Conejos",11.3
"CO","Costilla",12.7
"CO","Crowley",18.3
"CO","Custer",15.6
"CO","Delta",17.7
"CO","Denver",12.6
"CO","Dolores",16.1
"CO","Douglas",7.9
"CO","Eagle",8.6
"CO","El Paso",13.3
"CO","Elbert",11.5
"CO","Fremont",22
"CO","Garfield",13.6
"CO","Gilpin",14
"CO","Grand",13.7
"CO","Gunnison",8.9
"CO","Hinsdale",9.5
"CO","Huerfano",13.9
"CO","Jackson",14.4
"CO","Kiowa",14.1
"CO","Kit Carson",17.4
"CO","La Plata",11
"CO","Lake",13
"CO","Larimer",10.8
"CO","Las Animas",14.8
"CO","Lincoln",17.1
"CO","Logan",18.5
"CO","Mesa",16.3
"CO","Mineral",10.3
"CO","Moffat",17.7
"CO","Montezuma",13.7
"CO","Montrose",16
"CO","Morgan",16.4
"CO","Otero",16.5
"CO","Ouray",9.9
"CO","Park",13.4
"CO","Phillips",14.6
"CO","Pitkin",8.5
"CO","Prowers",15.2
"CO","Pueblo",15.8
"CO","Rio Blanco",13.2
"CO","Rio Grande",12.8
"CO","Routt",9.7
"CO","Saguache",14.1
"CO","San Juan",13.4
"CO","San Miguel",8.1
"CO","Sedgwick",16.6
"CO","Summit",9.3
"CO","Teller",16.5
"CO","Washington",15.5
"CO","Yuma",15.2
"CT","Fairfield",9.5
"CT","Hartford",12.5
"CT","Litchfield",13.6
"CT","Middlesex",12.4
"CT","New Haven",13.4
"CT","New London",13.2
"CT","Tolland",11.6
"CT","Windham",15.6
"DC","District of Columbia",11.2
"DE","Kent",18.4
"DE","New Castle",14.2
"DE","Sussex",18.6
"FL","Alachua",11.2
"FL","Baker",21.7
"FL","Bay",18.5
"FL","Bradford",20.5
"FL","Brevard",17.2
"FL","Broward",11.1
"FL","Calhoun",21.7
"FL","Charlotte",18.3
"FL","Citrus",20.6
"FL","Clay",14.8
"FL","Collier",12.6
"FL","Columbia",20.9
"FL","DeSoto",19.7
"FL","Dixie",22.3
"FL","Duval",15.1
"FL","Escambia",17
"FL","Flagler",17.9
"FL","Franklin",20.1
"FL","Gadsden",15.8
"FL","Gilchrist",20.3
"FL","Glades",19.1
"FL","Gulf",20.5
"FL","Hamilton",21
"FL","Hardee",18.3
"FL","Hendry",15.9
"FL","Hernando",20.1
"FL","Highlands",18.6
"FL","Hillsborough",14.2
"FL","Holmes",21.6
"FL","Indian River",16.7
"FL","Jackson",18.6
"FL","Jefferson",16.6
"FL","Lafayette",18.9
"FL","Lake",17
"FL","Lee",14.9
"FL","Leon",10
"FL","Levy",19.4
"FL","Liberty",19.9
"FL","Madison",18.4
"FL","Manatee",16.7
"FL","Marion",18.3
"FL","Martin",15.1
"FL","Miami-Dade",8.8
"FL","Monroe",13.3
"FL","Nassau",17.1
"FL","Okaloosa",15.6
"FL","Okeechobee",20.6
"FL","Orange",12.8
"FL","Osceola",14
"FL","Palm Beach",12.5
"FL","Pasco",18.8
"FL","Pinellas",17.2
"FL","Polk",17.7
"FL","Putnam",20.3
"FL","Santa Rosa",16
"FL","Sarasota",17.1
"FL","Seminole",13
"FL","St. Johns",11.8
"FL","St. Lucie",17.1
"FL","Sumter",19.1
"FL","Suwannee",20.2
"FL","Taylor",20.9
"FL","Union",21.2
"FL","Volusia",18.5
"FL","Wakulla",18.2
"FL","Walton",17.1
"FL","Washington",21
"GA","Appling",19.1
"GA","Atkinson",18.8
"GA","Bacon",20.7
"GA","Baker",18.6
"GA","Baldwin",17.2
"GA","Banks",19
"GA","Barrow",17.1
"GA","Bartow",19.6
"GA","Ben Hill",20.5
"GA","Berrien",20.5
"GA","Bibb",16.1
"GA","Bleckley",18.7
"GA","Brantley",23.3
"GA","Brooks",18.6
"GA","Bryan",13.9
"GA","Bulloch",14.3
"GA","Burke",19.4
"GA","Butts",20
"GA","Calhoun",17.2
"GA","Camden",16.9
"GA","Candler",17.3
"GA","Carroll",18.5
"GA","Catoosa",19.2
"GA","Charlton",22
"GA","Chatham",14.3
"GA","Chattahoochee",12.9
"GA","Chattooga",22.3
"GA","Cherokee",13.3
"GA","Clarke",11
"GA","Clay",18.6
"GA","Clayton",14.6
"GA","Clinch",19.5
"GA","Cobb",11
"GA","Coffee",19.1
"GA","Colquitt",18.1
"GA","Columbia",12.5
"GA","Cook",19.8
"GA","Coweta",15.7
"GA","Crawford",18.4
"GA","Crisp",19.6
"GA","Dade",18.6
"GA","Dawson",16.8
"GA","Decatur",17.7
"GA","DeKalb",10.4
"GA","Dodge",17.9
"GA","Dooly",19.7
"GA","Dougherty",16.3
"GA","Douglas",15.7
"GA","Early",18.3
"GA","Echols",18.4
"GA","Effingham",17.2
"GA","Elbert",19.5
"GA","Emanuel",19.5
"GA","Evans",18.6
"GA","Fannin",19.7
"GA","Fayette",10.6
"GA","Floyd",18.1
"GA","Forsyth",10.5
"GA","Franklin",18.5
"GA","Fulton",10
"GA","Gilmer",19.6
"GA","Glascock",19.9
"GA","Glynn",15.7
"GA","Gordon",19.2
"GA","Grady",17.5
"GA","Greene",16.2
"GA","Gwinnett",10.5
"GA","Habersham",16.9
"GA","Hall",14.8
"GA","Hancock",17.9
"GA","Haralson",22
"GA","Harris",13.2
"GA","Hart",17.1
"GA","Heard",22.6
"GA","Henry",13.6
"GA","Houston",14.5
"GA","Irwin",20.6
"GA","Jackson",16.3
"GA","Jasper",17.5
"GA","Jeff Davis",18.4
"GA","Jefferson",18.3
"GA","Jenkins",18.6
"GA","Johnson",19.9
"GA","Jones",16.5
"GA","Lamar",18.6
"GA","Lanier",19.2
"GA","Laurens",18.1
"GA","Lee",17.8
"GA","Liberty",14.8
"GA","Lincoln",18.5
"GA","Long",17.9
"GA","Lowndes",16.3
"GA","Lumpkin",16
"GA","Macon",18.9
"GA","Madison",19.4
"GA","Marion",21.1
"GA","McDuffie",18.8
"GA","McIntosh",18.3
"GA","Meriwether",20.8
"GA","Miller",18.2
"GA","Mitchell",19.3
"GA","Monroe",17
"GA","Montgomery",16.6
"GA","Morgan",15.3
"GA","Murray",22.1
"GA","Muscogee",16.1
"GA","Newton",15.8
"GA","Oconee",10.6
"GA","Oglethorpe",16.7
"GA","Paulding",17
"GA","Peach",15.4
"GA","Pickens",17.3
"GA","Pierce",20.6
"GA","Pike",17.9
"GA","Polk",20.6
"GA","Pulaski",20.9
"GA","Putnam",15.7
"GA","Quitman",20.3
"GA","Rabun",15.7
"GA","Randolph",17.4
"GA","Richmond",16.4
"GA","Rockdale",12.9
"GA","Schley",19
"GA","Screven",19.2
"GA","Seminole",18.1
"GA","Spalding",18.9
"GA","Stephens",18.8
"GA","Stewart",18.3
"GA","Sumter",16.7
"GA","Talbot",17.4
"GA","Taliaferro",17.9
"GA","Tattnall",19.5
"GA","Taylor",19.1
"GA","Telfair",17.8
"GA","Terrell",19.7
"GA","Thomas",17.2
"GA","Tift",17.5
"GA","Toombs",17
"GA","Towns",16.7
"GA","Treutlen",21
"GA","Troup",18
"GA","Turner",20
"GA","Twiggs",19
"GA","Union",15.8
"GA","Upson",21
"GA","Walker",20.4
"GA","Walton",16.9
"GA","Ware",19.3
"GA","Warren",19
"GA","Washington",18.4
"GA","Wayne",20
"GA","Webster",17.2
"GA","Wheeler",20.1
"GA","White",16.2
"GA","Whitfield",18
"GA","Wilcox",20.1
"GA","Wilkes",19.2
"GA","Wilkinson",18.2
"GA","Worth",20.2
"HI","Hawaii",14
"HI","Honolulu",11.2
"HI","Kalawao/Maui",11.3
"HI","Kauai",13.4
"IA","Adair",16.8
"IA","Adams",16.6
"IA","Allamakee",17.6
"IA","Appanoose",19.1
"IA","Audubon",16.5
"IA","Benton",15.9
"IA","Black Hawk",15.3
"IA","Boone",17
"IA","Bremer",12.6
"IA","Buchanan",16.5
"IA","Buena Vista",14
"IA","Butler",16.4
"IA","Calhoun",14.8
"IA","Carroll",17.2
"IA","Cass",17.8
"IA","Cedar",16
"IA","Cerro Gordo",17.2
"IA","Cherokee",15.9
"IA","Chickasaw",17.6
"IA","Clarke",19
"IA","Clay",17.3
"IA","Clayton",16.6
"IA","Clinton",17.6
"IA","Crawford",17.3
"IA","Dallas",10.9
"IA","Davis",18
"IA","Decatur",16.4
"IA","Delaware",17.1
"IA","Des Moines",18
"IA","Dickinson",14.6
"IA","Dubuque",13.9
"IA","Emmet",17.7
"IA","Fayette",16.5
"IA","Floyd",17.6
"IA","Franklin",17.6
"IA","Fremont",17.4
"IA","Greene",17.7
"IA","Grundy",14.3
"IA","Guthrie",15.7
"IA","Hamilton",18.2
"IA","Hancock",17.5
"IA","Hardin",16.9
"IA","Harrison",16.8
"IA","Henry",17.1
"IA","Howard",18.7
"IA","Humboldt",17.8
"IA","Ida",16.3
"IA","Iowa",14.9
"IA","Jackson",17
"IA","Jasper",17.9
"IA","Jefferson",14.2
"IA","Johnson",9.9
"IA","Jones",16.5
"IA","Keokuk",18.2
"IA","Kossuth",16.5
"IA","Lee",20
"IA","Linn",14.6
"IA","Louisa",16.8
"IA","Lucas",19.9
"IA","Lyon",15.6
"IA","Madison",16.1
"IA","Mahaska",17.1
"IA","Marion",14.8
"IA","Marshall",17
"IA","Mills",16.1
"IA","Mitchell",17.2
"IA","Monona",19.4
"IA","Monroe",17.4
"IA","Montgomery",19.2
"IA","Muscatine",18.1
"IA","O'Brien",14.9
"IA","Osceola",18
"IA","Page",18.8
"IA","Palo Alto",17.6
"IA","Plymouth",15.7
"IA","Pocahontas",16.1
"IA","Polk",14
"IA","Pottawattamie",18.4
"IA","Poweshiek",16.6
"IA","Ringgold",15.8
"IA","Sac",15.8
"IA","Scott",14.3
"IA","Shelby",16.6
"IA","Sioux",13.3
"IA","Story",9.4
"IA","Tama",17.1
"IA","Taylor",17.1
"IA","Union",18.9
"IA","Van Buren",19.1
"IA","Wapello",20.2
"IA","Warren",14.5
"IA","Washington",15.3
"IA","Wayne",18.4
"IA","Webster",17.9
"IA","Winnebago",15.1
"IA","Winneshiek",13.7
"IA","Woodbury",18.8
"IA","Worth",16.9
"IA","Wright",17.7
"ID","Ada",12.4
"ID","Adams",16.8
"ID","Bannock",15.5
"ID","Bear Lake",14.5
"ID","Benewah",20.4
"ID","Bingham",14.1
"ID","Blaine",9.2
"ID","Boise",16.3
"ID","Bonner",17
"ID","Bonneville",11.5
"ID","Boundary",20.1
"ID","Butte",15.5
"ID","Camas",16.7
"ID","Canyon",15.5
"ID","Caribou",15.2
"ID","Cassia",15.1
"ID","Clark",15.5
"ID","Clearwater",19.6
"ID","Custer",14.6
"ID","Elmore",17.2
"ID","Franklin",15.3
"ID","Fremont",14.3
"ID","Gem",18.2
"ID","Gooding",17.4
"ID","Idaho",19
"ID","Jefferson",12.3
"ID","Jerome",16.2
"ID","Kootenai",17
"ID","Latah",10.5
"ID","Lemhi",17.6
"ID","Lewis",17
"ID","Lincoln",15.9
"ID","Madison",9.5
"ID","Minidoka",16.4
"ID","Nez Perce",17.8
"ID","Oneida",15.9
"ID","Owyhee",18.7
"ID","Payette",17.7
"ID","Power",14.3
"ID","Shoshone",20.3
"ID","Teton",9.4
"ID","Twin Falls",18.2
"ID","Valley",13.3
"ID","Washington",18.8
"IL","Adams",17.5
"IL","Alexander",20.7
"IL","Bond",17
"IL","Boone",16.1
"IL","Brown",19.1
"IL","Bureau",18
"IL","Calhoun",16.5
"IL","Carroll",16.4
"IL","Cass",19
"IL","Champaign",11.3
"IL","Christian",21.8
"IL","Clark",17.9
"IL","Clay",19.9
"IL","Clinton",17.8
"IL","Coles",16.9
"IL","Cook",12.5
"IL","Crawford",18.2
"IL","Cumberland",18.3
"IL","De Witt",19.2
"IL","DeKalb",13.3
"IL","Douglas",18.7
"IL","DuPage",10.1
"IL","Edgar",20
"IL","Edwards",18.7
"IL","Effingham",16.8
"IL","Fayette",19.2
"IL","Ford",18.5
"IL","Franklin",20.2
"IL","Fulton",19.3
"IL","Gallatin",20.6
"IL","Greene",19.9
"IL","Grundy",17.4
"IL","Hamilton",18.4
"IL","Hancock",17.4
"IL","Hardin",19.3
"IL","Henderson",17.7
"IL","Henry",16.9
"IL","Iroquois",18.6
"IL","Jackson",12.2
"IL","Jasper",17.7
"IL","Jefferson",18.6
"IL","Jersey",18
"IL","Jo Daviess",14.3
"IL","Johnson",17.9
"IL","Kane",11.7
"IL","Kankakee",18.5
"IL","Kendall",11.6
"IL","Knox",19.5
"IL","Lake",11
"IL","LaSalle",18.1
"IL","Lawrence",22
"IL","Lee",18.4
"IL","Livingston",19.8
"IL","Logan",19.7
"IL","Macon",18.5
"IL","Macoupin",19.5
"IL","Madison",18.5
"IL","Marion",20.1
"IL","Marshall",16.9
"IL","Mason",19.3
"IL","Massac",18.2
"IL","McDonough",13.7
"IL","McHenry",13
"IL","McLean",11.3
"IL","Menard",17.1
"IL","Mercer",18.2
"IL","Monroe",15.8
"IL","Montgomery",21.6
"IL","Morgan",18.1
"IL","Moultrie",19.6
"IL","Ogle",16.3
"IL","Peoria",15
"IL","Perry",19.3
"IL","Piatt",15.3
"IL","Pike",19.6
"IL","Pope",18.4
"IL","Pulaski",17.4
"IL","Putnam",17.2
"IL","Randolph",21.1
"IL","Richland",17.9
"IL","Rock Island",16.2
"IL","Saline",19.9
"IL","Sangamon",15.9
"IL","Schuyler",17.7
"IL","Scott",17.3
"IL","Shelby",17.8
"IL","St. Clair",17.3
"IL","Stark",17.4
"IL","Stephenson",17
"IL","Tazewell",16.6
"IL","Union",17.8
"IL","Vermilion",20.6
"IL","Wabash",18.3
"IL","Warren",18.2
"IL","Washington",16.5
"IL","Wayne",19.7
"IL","White",19.1
"IL","Whiteside",17.7
"IL","Will",13.5
"IL","Williamson",16.9
"IL","Winnebago",16.9
"IL","Woodford",14.2
"IN","Adams",21.1
"IN","Allen",16.4
"IN","Bartholomew",15.7
"IN","Benton",19.3
"IN","Blackford",23.8
"IN","Boone",13
"IN","Brown",17.1
"IN","Carroll",18.5
"IN","Cass",20.2
"IN","Clark",21
"IN","Clay",20.5
"IN","Clinton",20
"IN","Crawford",21
"IN","Daviess",22.9
"IN","Dearborn",20.3
"IN","Decatur",20.9
"IN","DeKalb",20.5
"IN","Delaware",19.5
"IN","Dubois",17.5
"IN","Elkhart",18
"IN","Fayette",26.3
"IN","Floyd",19.9
"IN","Fountain",21.5
"IN","Franklin",19.5
"IN","Fulton",20.5
"IN","Gibson",19.6
"IN","Grant",20.8
"IN","Greene",21.1
"IN","Hamilton",9.5
"IN","Hancock",17.6
"IN","Harrison",20.5
"IN","Hendricks",14.8
"IN","Henry",22.5
"IN","Howard",19.3
"IN","Huntington",19.9
"IN","Jackson",20.3
"IN","Jasper",19.9
"IN","Jay",23.7
"IN","Jefferson",21.1
"IN","Jennings",22.8
"IN","Johnson",18.4
"IN","Knox",21.5
"IN","Kosciusko",18.9
"IN","LaGrange",22
"IN","Lake",18.6
"IN","LaPorte",21.5
"IN","Lawrence",20.8
"IN","Madison",21.3
"IN","Marion",18.7
"IN","Marshall",18.8
"IN","Martin",21.3
"IN","Miami",23.4
"IN","Monroe",11.7
"IN","Montgomery",19.4
"IN","Morgan",21.7
"IN","Newton",22.8
"IN","Noble",19.6
"IN","Ohio",19.6
"IN","Orange",19.8
"IN","Owen",21.7
"IN","Parke",21.3
"IN","Perry",23.1
"IN","Pike",20.7
"IN","Porter",18
"IN","Posey",17.6
"IN","Pulaski",19.8
"IN","Putnam",20.4
"IN","Randolph",21.8
"IN","Ripley",19.3
"IN","Rush",21.3
"IN","Scott",24.2
"IN","Shelby",21.5
"IN","Spencer",17.5
"IN","St. Joseph",16.9
"IN","Starke",22
"IN","Steuben",18.6
"IN","Sullivan",20.6
"IN","Switzerland",22.4
"IN","Tippecanoe",13.1
"IN","Tipton",19.5
"IN","Union",19.1
"IN","Vanderburgh",19.5
"IN","Vermillion",21.3
"IN","Vigo",19.4
"IN","Wabash",20.6
"IN","Warren",20.5
"IN","Warrick",15.3
"IN","Washington",21.8
"IN","Wayne",22
"IN","Wells",20.1
"IN","White",18.7
"IN","Whitley",19.7
"KS","Allen",19.2
"KS","Anderson",19.7
"KS","Atchison",19.1
"KS","Barber",15.7
"KS","Barton",17.5
"KS","Bourbon",18
"KS","Brown",19.8
"KS","Butler",16.3
"KS","Chase",16.7
"KS","Chautauqua",18.2
"KS","Cherokee",21.5
"KS","Cheyenne",15
"KS","Clark",13.8
"KS","Clay",18.3
"KS","Cloud",19
"KS","Coffey",18
"KS","Comanche",14.9
"KS","Cowley",19.2
"KS","Crawford",18.4
"KS","Decatur",14.8
"KS","Dickinson",18.4
"KS","Doniphan",17.7
"KS","Douglas",12.1
"KS","Edwards",14.1
"KS","Elk",17.2
"KS","Ellis",13.5
"KS","Ellsworth",16.6
"KS","Finney",14
"KS","Ford",14.6
"KS","Franklin",19.7
"KS","Geary",17.3
"KS","Gove",16
"KS","Graham",16.1
"KS","Grant",14.3
"KS","Gray",15.3
"KS","Greeley",14.6
"KS","Greenwood",19.2
"KS","Hamilton",15.5
"KS","Harper",17.9
"KS","Harvey",15.6
"KS","Haskell",15
"KS","Hodgeman",14.8
"KS","Jackson",17.3
"KS","Jefferson",17.6
"KS","Jewell",15.7
"KS","Johnson",10.8
"KS","Kearny",15.4
"KS","Kingman",18.3
"KS","Kiowa",14.6
"KS","Labette",18.8
"KS","Lane",15.7
"KS","Leavenworth",18.1
"KS","Lincoln",16.8
"KS","Linn",17.9
"KS","Logan",16.3
"KS","Lyon",15.8
"KS","Marion",16.6
"KS","Marshall",19.4
"KS","McPherson",15.7
"KS","Meade",13.8
"KS","Miami",17.7
"KS","Mitchell",15.2
"KS","Montgomery",19.3
"KS","Morris",17.7
"KS","Morton",14.8
"KS","Nemaha",17.1
"KS","Neosho",20.6
"KS","Ness",15.6
"KS","Norton",19.7
"KS","Osage",18.1
"KS","Osborne",15.7
"KS","Ottawa",16.6
"KS","Pawnee",16.8
"KS","Phillips",17.8
"KS","Pottawatomie",13.8
"KS","Pratt",16.7
"KS","Rawlins",15.6
"KS","Reno",18.8
"KS","Republic",15.8
"KS","Rice",16
"KS","Riley",11.1
"KS","Rooks",15.6
"KS","Rush",16.1
"KS","Russell",17.1
"KS","Saline",18.1
"KS","Scott",13.9
"KS","Sedgwick",16.5
"KS","Seward",15
"KS","Shawnee",16.8
"KS","Sheridan",14.8
"KS","Sherman",18.9
"KS","Smith",17
"KS","Stafford",14.8
"KS","Stanton",13.6
"KS","Stevens",15.3
"KS","Sumner",18.7
"KS","Thomas",15.5
"KS","Trego",16
"KS","Wabaunsee",16.5
"KS","Wallace",13.5
"KS","Washington",15.5
"KS","Wichita",15.1
"KS","Wilson",21.7
"KS","Woodson",18.5
"KS","Wyandotte",18.9
"KY","Adair",23.6
"KY","Allen",25.8
"KY","Anderson",22.4
"KY","Ballard",21.6
"KY","Barren",23.6
"KY","Bath",24.9
"KY","Bell",26.9
"KY","Boone",17.1
"KY","Bourbon",22.2
"KY","Boyd",23.8
"KY","Boyle",20.4
"KY","Bracken",22.1
"KY","Breathitt",27.1
"KY","Breckinridge",24.1
"KY","Bullitt",27.2
"KY","Butler",23.9
"KY","Caldwell",24.1
"KY","Calloway",18.6
"KY","Campbell",19.5
"KY","Carlisle",20.2
"KY","Carroll",26.1
"KY","Carter",25.8
"KY","Casey",25.2
"KY","Christian",23.2
"KY","Clark",22.3
"KY","Clay",30.7
"KY","Clinton",27.1
"KY","Crittenden",24
"KY","Cumberland",24.8
"KY","Daviess",20.1
"KY","Edmonson",22.9
"KY","Elliott",28.9
"KY","Estill",27.5
"KY","Fayette",14.3
"KY","Fleming",24.1
"KY","Floyd",24.5
"KY","Franklin",19.2
"KY","Fulton",22.4
"KY","Gallatin",24.1
"KY","Garrard",22.9
"KY","Grant",22.2
"KY","Graves",22.1
"KY","Grayson",24.9
"KY","Green",24.4
"KY","Greenup",23.1
"KY","Hancock",21.8
"KY","Hardin",20.5
"KY","Harlan",26.9
"KY","Harrison",23.7
"KY","Hart",26.4
"KY","Henderson",21.5
"KY","Henry",22.8
"KY","Hickman",22.3
"KY","Hopkins",24.9
"KY","Jackson",27.7
"KY","Jefferson",20.5
"KY","Jessamine",19.8
"KY","Johnson",26.9
"KY","Kenton",18.9
"KY","Knott",24.4
"KY","Knox",28.9
"KY","Larue",24.7
"KY","Laurel",27.3
"KY","Lawrence",26.7
"KY","Lee",27.8
"KY","Leslie",27.8
"KY","Letcher",24.1
"KY","Lewis",26.2
"KY","Lincoln",25.7
"KY","Livingston",24.1
"KY","Logan",24.1
"KY","Lyon",22.9
"KY","Madison",18.6
"KY","Magoffin",26
"KY","Marion",23.5
"KY","Marshall",22.2
"KY","Martin",25.3
"KY","Mason",23.6
"KY","McCracken",20.2
"KY","McCreary",27.5
"KY","McLean",22.8
"KY","Meade",22.7
"KY","Menifee",27.4
"KY","Mercer",22.7
"KY","Metcalfe",26.3
"KY","Monroe",24.6
"KY","Montgomery",25.4
"KY","Morgan",26.3
"KY","Muhlenberg",24.4
"KY","Nelson",24.1
"KY","Nicholas",23.3
"KY","Ohio",23.6
"KY","Oldham",15.5
"KY","Owen",20.3
"KY","Owsley",25.9
"KY","Pendleton",22.9
"KY","Perry",26.7
"KY","Pike",23.5
"KY","Powell",26.3
"KY","Pulaski",23.9
"KY","Robertson",24.9
"KY","Rockcastle",25.4
"KY","Rowan",21.9
"KY","Russell",24.7
"KY","Scott",17.9
"KY","Shelby",19.9
"KY","Simpson",23.4
"KY","Spencer",22.2
"KY","Taylor",24.2
"KY","Todd",24.7
"KY","Trigg",21.6
"KY","Trimble",20.4
"KY","Union",22.6
"KY","Warren",18.1
"KY","Washington",20.9
"KY","Wayne",26.8
"KY","Webster",23.8
"KY","Whitley",26.2
"KY","Wolfe",26.2
"KY","Woodford",17.8
"LA","Acadia",23.9
"LA","Allen",23.9
"LA","Ascension",16.4
"LA","Assumption",21.9
"LA","Avoyelles",23.1
"LA","Beauregard",20.5
"LA","Bienville",19.6
"LA","Bossier",17.6
"LA","Caddo",18.8
"LA","Calcasieu",20
"LA","Caldwell",22.3
"LA","Cameron",20.9
"LA","Catahoula",21.8
"LA","Claiborne",20.8
"LA","Concordia",21.9
"LA","De Soto",21
"LA","East Baton Rouge",13.4
"LA","East Carroll",21.5
"LA","East Feliciana",18.3
"LA","Evangeline",23.2
"LA","Franklin",21
"LA","Grant",21.4
"LA","Iberia",21.2
"LA","Iberville",20.4
"LA","Jackson",19.9
"LA","Jefferson Davis",22.7
"LA","Jefferson",16.9
"LA","La Salle",20.5
"LA","Lafayette",18.9
"LA","Lafourche",21
"LA","Lincoln",13.8
"LA","Livingston",20.7
"LA","Madison",21.4
"LA","Morehouse",21.4
"LA","Natchitoches",18.1
"LA","Orleans",15.1
"LA","Ouachita",18.5
"LA","Plaquemines",20.3
"LA","Pointe Coupee",20.7
"LA","Rapides",19.9
"LA","Red River",21.3
"LA","Richland",21.1
"LA","Sabine",21
"LA","St. Bernard",23.6
"LA","St. Charles",18
"LA","St. Helena",18.5
"LA","St. James",18.2
"LA","St. John the Baptist",18.1
"LA","St. Landry",22.6
"LA","St. Martin",22.6
"LA","St. Mary",22.2
"LA","St. Tammany",16.7
"LA","Tangipahoa",19
"LA","Tensas",19.6
"LA","Terrebonne",22.4
"LA","Union",19.8
"LA","Vermilion",22.3
"LA","Vernon",19
"LA","Washington",22.3
"LA","Webster",20.8
"LA","West Baton Rouge",18.8
"LA","West Carroll",23.2
"LA","West Feliciana",18
"LA","Winn",22.3
"MA","Barnstable",14.2
"MA","Berkshire",15.6
"MA","Bristol",18.5
"MA","Dukes",13
"MA","Essex",13
"MA","Franklin",13.3
"MA","Hampden",16.3
"MA","Hampshire",11.6
"MA","Middlesex",11.2
"MA","Nantucket",10.2
"MA","Norfolk",11
"MA","Plymouth",16.1
"MA","Suffolk",12.6
"MA","Worcester",14.2
"MD","Allegany",17.8
"MD","Anne Arundel",14.1
"MD","Baltimore",18.9
"MD","Baltimore",13.5
"MD","Calvert",15.3
"MD","Caroline",17.8
"MD","Carroll",13.1
"MD","Cecil",17.4
"MD","Charles",12.3
"MD","Dorchester",16.7
"MD","Frederick",11.6
"MD","Garrett",16.8
"MD","Harford",13.3
"MD","Howard",7.5
"MD","Kent",14.2
"MD","Montgomery",7.2
"MD","Prince George's",12
"MD","Queen Anne's",13.8
"MD","Somerset",18.4
"MD","St. Mary's",13.7
"MD","Talbot",13.4
"MD","Washington",15.5
"MD","Wicomico",15.2
"MD","Worcester",15.2
"ME","Androscoggin",18.3
"ME","Aroostook",18.9
"ME","Cumberland",12.2
"ME","Franklin",17.2
"ME","Hancock",15.6
"ME","Kennebec",17.1
"ME","Knox",15.7
"ME","Lincoln",14.3
"ME","Oxford",18.8
"ME","Penobscot",17.8
"ME","Piscataquis",18.7
"ME","Sagadahoc",14.5
"ME","Somerset",19.9
"ME","Waldo",15.8
"ME","Washington",20.9
"ME","York",14.6
"MI","Alcona",19.5
"MI","Alger",18.9
"MI","Allegan",16.3
"MI","Alpena",18.9
"MI","Antrim",16
"MI","Arenac",20.9
"MI","Baraga",20.1
"MI","Barry",17.1
"MI","Bay",18.7
"MI","Benzie",15.5
"MI","Berrien",17.4
"MI","Branch",20.8
"MI","Calhoun",19.1
"MI","Cass",18.4
"MI","Charlevoix",16.7
"MI","Cheboygan",19.8
"MI","Chippewa",17.7
"MI","Clare",21.4
"MI","Clinton",14.3
"MI","Crawford",19.4
"MI","Delta",18.6
"MI","Dickinson",18.7
"MI","Eaton",14.9
"MI","Emmet",15.2
"MI","Genesee",19.1
"MI","Gladwin",19.7
"MI","Gogebic",18.7
"MI","Grand Traverse",14.7
"MI","Gratiot",20.1
"MI","Hillsdale",20.3
"MI","Houghton",14.7
"MI","Huron",19.6
"MI","Ingham",12.6
"MI","Ionia",19.3
"MI","Iosco",21.3
"MI","Iron",18.9
"MI","Isabella",16.5
"MI","Jackson",18.2
"MI","Kalamazoo",14.3
"MI","Kalkaska",20.2
"MI","Kent",14.3
"MI","Keweenaw",15.4
"MI","Lake",22.5
"MI","Lapeer",18.9
"MI","Leelanau",11.4
"MI","Lenawee",17.3
"MI","Livingston",13.6
"MI","Luce",19.7
"MI","Mackinac",18.2
"MI","Macomb",18.6
"MI","Manistee",17.6
"MI","Marquette",15
"MI","Mason",17
"MI","Mecosta",17.3
"MI","Menominee",19.7
"MI","Midland",14.2
"MI","Missaukee",18.2
"MI","Monroe",18.8
"MI","Montcalm",20.9
"MI","Montmorency",21.4
"MI","Muskegon",20.7
"MI","Newaygo",20
"MI","Oakland",12.2
"MI","Oceana",18.1
"MI","Ogemaw",20.8
"MI","Ontonagon",17.4
"MI","Osceola",19.2
"MI","Oscoda",20.9
"MI","Otsego",18.5
"MI","Ottawa",13.8
"MI","Presque Isle",18.5
"MI","Roscommon",20.2
"MI","Saginaw",17.6
"MI","Sanilac",20.9
"MI","Schoolcraft",20.7
"MI","Shiawassee",19.7
"MI","St. Clair",21
"MI","St. Joseph",19.7
"MI","Tuscola",19.9
"MI","Van Buren",18.3
"MI","Washtenaw",9.6
"MI","Wayne",18.2
"MI","Wexford",19.1
"MN","Aitkin",17.7
"MN","Anoka",14.9
"MN","Becker",15.9
"MN","Beltrami",16.2
"MN","Benton",14.6
"MN","Big Stone",16.5
"MN","Blue Earth",14.1
"MN","Brown",17.3
"MN","Carlton",17.3
"MN","Carver",9.8
"MN","Cass",16.2
"MN","Chippewa",17.2
"MN","Chisago",16.5
"MN","Clay",13.6
"MN","Clearwater",18.8
"MN","Cook",12.1
"MN","Cottonwood",16.6
"MN","Crow Wing",14.3
"MN","Dakota",11.8
"MN","Dodge",13.9
"MN","Douglas",13.8
"MN","Faribault",16.2
"MN","Fillmore",14.8
"MN","Freeborn",17.8
"MN","Goodhue",14.8
"MN","Grant",15.7
"MN","Hennepin",11.4
"MN","Houston",14.5
"MN","Hubbard",16.2
"MN","Isanti",17.4
"MN","Itasca",17
"MN","Jackson",15.7
"MN","Kanabec",18.4
"MN","Kandiyohi",14.5
"MN","Kittson",14.6
"MN","Koochiching",19
"MN","Lac qui Parle",15.8
"MN","Lake",16.3
"MN","Lake of the Woods",17.3
"MN","Le Sueur",14.8
"MN","Lincoln",15
"MN","Lyon",13.8
"MN","Mahnomen",19.9
"MN","Marshall",15.7
"MN","Martin",16.5
"MN","McLeod",15.7
"MN","Meeker",15.6
"MN","Mille Lacs",17.1
"MN","Morrison",15.3
"MN","Mower",16.3
"MN","Murray",15.5
"MN","Nicollet",13
"MN","Nobles",16.5
"MN","Norman",17
"MN","Olmsted",11.7
"MN","Otter Tail",15
"MN","Pennington",19.3
"MN","Pine",19.5
"MN","Pipestone",17.1
"MN","Polk",15.5
"MN","Pope",14.4
"MN","Ramsey",13.2
"MN","Red Lake",18
"MN","Redwood",17.2
"MN","Renville",16
"MN","Rice",13.5
"MN","Rock",16.5
"MN","Roseau",16.8
"MN","Scott",10.8
"MN","Sherburne",15.5
"MN","Sibley",15.2
"MN","St. Louis",15.9
"MN","Stearns",13.5
"MN","Steele",14
"MN","Stevens",13.5
"MN","Swift",16.7
"MN","Todd",16.3
"MN","Traverse",15.2
"MN","Wabasha",15
"MN","Wadena",18
"MN","Waseca",16
"MN","Washington",11.6
"MN","Watonwan",16.2
"MN","Wilkin",17.2
"MN","Winona",14.1
"MN","Wright",14.6
"MN","Yellow Medicine",15.9
"MO","Adair",17.9
"MO","Andrew",18.9
"MO","Atchison",17.2
"MO","Audrain",23.1
"MO","Barry",22.7
"MO","Barton",21.8
"MO","Bates",23.4
"MO","Benton",23
"MO","Bollinger",22.6
"MO","Boone",12.7
"MO","Buchanan",22.1
"MO","Butler",23.9
"MO","Caldwell",19.7
"MO","Callaway",18.8
"MO","Camden",20.7
"MO","Cape Girardeau",18.5
"MO","Carroll",21.1
"MO","Carter",22.2
"MO","Cass",19.5
"MO","Cedar",21.6
"MO","Chariton",20.9
"MO","Christian",16.9
"MO","Clark",22.2
"MO","Clay",16.9
"MO","Clinton",19.8
"MO","Cole",15.7
"MO","Cooper",21.2
"MO","Crawford",23.8
"MO","Dade",22.6
"MO","Dallas",22
"MO","Daviess",19.9
"MO","DeKalb",23.3
"MO","Dent",24.2
"MO","Douglas",23.6
"MO","Dunklin",26.5
"MO","Franklin",21.2
"MO","Gasconade",21.3
"MO","Gentry",21.3
"MO","Greene",17.7
"MO","Grundy",22.1
"MO","Harrison",23.7
"MO","Henry",22
"MO","Hickory",24.6
"MO","Holt",19.9
"MO","Howard",20
"MO","Howell",20.2
"MO","Iron",24
"MO","Jackson",18.2
"MO","Jasper",22.1
"MO","Jefferson",22.1
"MO","Johnson",16.3
"MO","Knox",20.6
"MO","Laclede",23.8
"MO","Lafayette",20.1
"MO","Lawrence",21.7
"MO","Lewis",20.9
"MO","Lincoln",21.7
"MO","Linn",22.2
"MO","Livingston",20.5
"MO","Macon",21.3
"MO","Madison",23.4
"MO","Maries",20
"MO","Marion",22.6
"MO","McDonald",23.7
"MO","Mercer",20.6
"MO","Miller",21.6
"MO","Mississippi",25.6
"MO","Moniteau",20.7
"MO","Monroe",21.7
"MO","Montgomery",23.1
"MO","Morgan",22.6
"MO","New Madrid",23.7
"MO","Newton",21.3
"MO","Nodaway",18.2
"MO","Oregon",23.1
"MO","Osage",19.2
"MO","Ozark",23.6
"MO","Pemiscot",24.4
"MO","Perry",22.1
"MO","Pettis",21.3
"MO","Phelps",18.2
"MO","Pike",23.3
"MO","Platte",14.6
"MO","Polk",20.1
"MO","Pulaski",17.9
"MO","Putnam",20.5
"MO","Ralls",19.6
"MO","Randolph",24.2
"MO","Ray",21.4
"MO","Reynolds",25.3
"MO","Ripley",24.4
"MO","Saline",21.5
"MO","Schuyler",23.7
"MO","Scotland",19.7
"MO","Scott",23.2
"MO","Shannon",21.4
"MO","Shelby",21
"MO","St. Charles",15
"MO","St. Clair",22.3
"MO","St. Francois",23.6
"MO","St. Louis",20.5
"MO","St. Louis",15.1
"MO","Ste. Genevieve",22.3
"MO","Stoddard",23.8
"MO","Stone",21.8
"MO","Sullivan",20.6
"MO","Taney",21.6
"MO","Texas",22.6
"MO","Vernon",24.2
"MO","Warren",21.3
"MO","Washington",25.3
"MO","Wayne",24.7
"MO","Webster",22.1
"MO","Worth",19.1
"MO","Wright",23.8
"MS","Adams",17.4
"MS","Alcorn",19.1
"MS","Amite",19.5
"MS","Attala",17.1
"MS","Benton",20.1
"MS","Bolivar",15.8
"MS","Calhoun",20
"MS","Carroll",18.6
"MS","Chickasaw",18.8
"MS","Choctaw",16.9
"MS","Claiborne",15.1
"MS","Clarke",19.2
"MS","Clay",16.1
"MS","Coahoma",17.3
"MS","Copiah",19
"MS","Covington",18.7
"MS","DeSoto",17.9
"MS","Forrest",16.8
"MS","Franklin",19.1
"MS","George",19.9
"MS","Greene",20.6
"MS","Grenada",19.4
"MS","Hancock",19.2
"MS","Harrison",19.2
"MS","Hinds",15.6
"MS","Holmes",17.1
"MS","Humphreys",18.7
"MS","Issaquena",20.9
"MS","Itawamba",19.5
"MS","Jackson",18.4
"MS","Jasper",17.2
"MS","Jefferson",15.2
"MS","Jefferson Davis",16.2
"MS","Jones",18.1
"MS","Kemper",18.3
"MS","Lafayette",13
"MS","Lamar",13.9
"MS","Lauderdale",18.7
"MS","Lawrence",18.1
"MS","Leake",19.8
"MS","Lee",18.3
"MS","Leflore",18.3
"MS","Lincoln",18.8
"MS","Lowndes",15.9
"MS","Madison",11
"MS","Marion",19.4
"MS","Marshall",21.2
"MS","Monroe",19.3
"MS","Montgomery",19.2
"MS","Neshoba",22
"MS","Newton",18.7
"MS","Noxubee",17.9
"MS","Oktibbeha",10
"MS","Panola",19.2
"MS","Pearl River",21.2
"MS","Perry",20.9
"MS","Pike",18
"MS","Pontotoc",21.1
"MS","Prentiss",21.6
"MS","Quitman",19.5
"MS","Rankin",16.4
"MS","Scott",20.5
"MS","Sharkey",15.2
"MS","Simpson",19.1
"MS","Smith",18.8
"MS","Stone",19.7
"MS","Sunflower",18.5
"MS","Tallahatchie",21.1
"MS","Tate",18.4
"MS","Tippah",21.8
"MS","Tishomingo",20.6
"MS","Tunica",17.2
"MS","Union",21.7
"MS","Walthall",17.8
"MS","Warren",17.2
"MS","Washington",17
"MS","Wayne",18.5
"MS","Webster",17.4
"MS","Wilkinson",18.2
"MS","Winston",16
"MS","Yalobusha",20.7
"MS","Yazoo",19.4
"MT","Beaverhead",13.8
"MT","Big Horn",21
"MT","Blaine",18.8
"MT","Broadwater",17.9
"MT","Carbon",13.5
"MT","Carter",17.3
"MT","Cascade",17.2
"MT","Chouteau",16.2
"MT","Custer",17.8
"MT","Daniels",14.6
"MT","Dawson",17.8
"MT","Deer Lodge",19.9
"MT","Fallon",16.3
"MT","Fergus",16.5
"MT","Flathead",14.2
"MT","Gallatin",10
"MT","Garfield",17.4
"MT","Glacier",20.1
"MT","Golden Valley",14.3
"MT","Granite",15.2
"MT","Hill",18.5
"MT","Jefferson",12.7
"MT","Judith Basin",13
"MT","Lake",17
"MT","Lewis and Clark",13.1
"MT","Liberty",17.9
"MT","Lincoln",16.1
"MT","Madison",12.2
"MT","McCone",15.2
"MT","Meagher",20.2
"MT","Mineral",19.3
"MT","Missoula",13
"MT","Musselshell",17.6
"MT","Park",14
"MT","Petroleum",15
"MT","Phillips",17.4
"MT","Pondera",17.4
"MT","Powder River",16.1
"MT","Powell",18.9
"MT","Prairie",16.2
"MT","Ravalli",15.2
"MT","Richland",18.7
"MT","Roosevelt",22.3
"MT","Rosebud",16.5
"MT","Sanders",17.1
"MT","Sheridan",15.7
"MT","Silver Bow",18.5
"MT","Stillwater",15
"MT","Sweet Grass",14.7
"MT","Teton",14.1
"MT","Toole",19.2
"MT","Treasure",15
"MT","Valley",18.2
"MT","Wheatland",16.9
"MT","Wibaux",15.8
"MT","Yellowstone",15.5
"NC","Alamance",17.4
"NC","Alexander",20.4
"NC","Alleghany",19.5
"NC","Anson",18.7
"NC","Ashe",19.2
"NC","Avery",17.7
"NC","Beaufort",17.4
"NC","Bertie",17.6
"NC","Bladen",18.7
"NC","Brunswick",17.5
"NC","Buncombe",15.8
"NC","Burke",20.4
"NC","Cabarrus",15.6
"NC","Caldwell",22.5
"NC","Camden",16
"NC","Carteret",17.4
"NC","Caswell",19.9
"NC","Catawba",17.7
"NC","Chatham",11.9
"NC","Cherokee",18.4
"NC","Chowan",17.9
"NC","Clay",17.1
"NC","Cleveland",19.2
"NC","Columbus",18.5
"NC","Craven",16.3
"NC","Cumberland",15.5
"NC","Currituck",17.6
"NC","Dare",15.4
"NC","Davidson",20
"NC","Davie",17.2
"NC","Duplin",17.8
"NC","Durham",10.6
"NC","Edgecombe",19.3
"NC","Forsyth",15.3
"NC","Franklin",17.3
"NC","Gaston",19.3
"NC","Gates",18.2
"NC","Graham",19.5
"NC","Granville",17.4
"NC","Greene",16.7
"NC","Guilford",13.9
"NC","Halifax",19
"NC","Harnett",16.9
"NC","Haywood",18
"NC","Henderson",15.4
"NC","Hertford",16.8
"NC","Hoke",15.8
"NC","Hyde",17.8
"NC","Iredell",16.1
"NC","Jackson",15.9
"NC","Johnston",17.5
"NC","Jones",18.2
"NC","Lee",16.1
"NC","Lenoir",18.3
"NC","Lincoln",17.3
"NC","Macon",17.1
"NC","Madison",18.8
"NC","Martin",18.1
"NC","McDowell",21.7
"NC","Mecklenburg",10.6
"NC","Mitchell",19.8
"NC","Montgomery",18.1
"NC","Moore",14
"NC","Nash",17.5
"NC","New Hanover",15
"NC","Northampton",18.9
"NC","Onslow",16.4
"NC","Orange",9.6
"NC","Pamlico",16.8
"NC","Pasquotank",16.8
"NC","Pender",17.3
"NC","Perquimans",16.7
"NC","Person",18
"NC","Pitt",15.5
"NC","Polk",16.1
"NC","Randolph",20.3
"NC","Richmond",19.1
"NC","Robeson",19.2
"NC","Rockingham",20.6
"NC","Rowan",20.1
"NC","Rutherford",20.3
"NC","Sampson",18
"NC","Scotland",18
"NC","Stanly",18.7
"NC","Stokes",20.9
"NC","Surry",19.5
"NC","Swain",18.3
"NC","Transylvania",14.9
"NC","Tyrrell",19.5
"NC","Union",12.8
"NC","Vance",19.3
"NC","Wake",9.8
"NC","Warren",17.6
"NC","Washington",17.6
"NC","Watauga",12.7
"NC","Wayne",17.5
"NC","Wilkes",21.1
"NC","Wilson",17.7
"NC","Yadkin",19.8
"NC","Yancey",18.6
"ND","Adams",16.9
"ND","Barnes",16.3
"ND","Benson",24
"ND","Billings",16.5
"ND","Bottineau",16.4
"ND","Bowman",15.5
"ND","Burke",18
"ND","Burleigh",13.9
"ND","Cass",13.6
"ND","Cavalier",16.4
"ND","Dickey",15.1
"ND","Divide",16.8
"ND","Dunn",17.9
"ND","Eddy",18.2
"ND","Emmons",17.6
"ND","Foster",17
"ND","Golden Valley",18
"ND","Grand Forks",14.5
"ND","Grant",17.5
"ND","Griggs",19.1
"ND","Hettinger",17.7
"ND","Kidder",15.8
"ND","LaMoure",16.3
"ND","Logan",18.8
"ND","McHenry",19.2
"ND","McIntosh",16.8
"ND","McKenzie",18.2
"ND","McLean",16.8
"ND","Mercer",17.6
"ND","Morton",16.6
"ND","Mountrail",18.4
"ND","Nelson",16.5
"ND","Oliver",16.4
"ND","Pembina",16.7
"ND","Pierce",20.7
"ND","Ramsey",19.3
"ND","Ransom",17.9
"ND","Renville",17
"ND","Richland",17.8
"ND","Rolette",21.1
"ND","Sargent",16.7
"ND","Sheridan",16.6
"ND","Sioux",23.8
"ND","Slope",15.9
"ND","Stark",17.4
"ND","Steele",17
"ND","Stutsman",19.4
"ND","Towner",15.7
"ND","Traill",13.9
"ND","Walsh",18.6
"ND","Ward",16.6
"ND","Wells",16.8
"ND","Williams",20.6
"NE","Adams",15.9
"NE","Antelope",16.4
"NE","Arthur",12.5
"NE","Banner",13.5
"NE","Blaine",16.1
"NE","Boone",15.6
"NE","Box Butte",17.5
"NE","Boyd",17.3
"NE","Brown",16.8
"NE","Buffalo",13.5
"NE","Burt",15.9
"NE","Butler",17.9
"NE","Cass",16.7
"NE","Cedar",16.6
"NE","Chase",15.9
"NE","Cherry",16.5
"NE","Cheyenne",15.1
"NE","Clay",16.1
"NE","Colfax",15.1
"NE","Cuming",16.3
"NE","Custer",15.8
"NE","Dakota",18.3
"NE","Dawes",12.9
"NE","Dawson",16.9
"NE","Deuel",16.6
"NE","Dixon",16.1
"NE","Dodge",18.6
"NE","Douglas",15.6
"NE","Dundy",14.3
"NE","Fillmore",15.7
"NE","Franklin",17.1
"NE","Frontier",14.8
"NE","Furnas",16.6
"NE","Gage",18.2
"NE","Garden",15.7
"NE","Garfield",18.4
"NE","Gosper",15.9
"NE","Grant",15.1
"NE","Greeley",17.1
"NE","Hall",17
"NE","Hamilton",16
"NE","Harlan",16.7
"NE","Hayes",15.5
"NE","Hitchcock",18.2
"NE","Holt",17.3
"NE","Hooker",12.7
"NE","Howard",16.8
"NE","Jefferson",20.1
"NE","Johnson",19
"NE","Kearney",14.2
"NE","Keith",15.8
"NE","Keya Paha",16.7
"NE","Kimball",16.7
"NE","Knox",16.5
"NE","Lancaster",14.4
"NE","Lincoln",16.5
"NE","Logan",15.5
"NE","Loup",18.4
"NE","Madison",14.7
"NE","McPherson",11.9
"NE","Merrick",17.4
"NE","Morrill",14.6
"NE","Nance",17.6
"NE","Nemaha",15.6
"NE","Nuckolls",17.9
"NE","Otoe",16.4
"NE","Pawnee",17.7
"NE","Perkins",15.3
"NE","Phelps",16.5
"NE","Pierce",15.4
"NE","Platte",14.4
"NE","Polk",14.8
"NE","Red Willow",16.1
"NE","Richardson",19.7
"NE","Rock",15.9
"NE","Saline",16.3
"NE","Sarpy",13.4
"NE","Saunders",16.3
"NE","Scotts Bluff",15.3
"NE","Seward",13.4
"NE","Sheridan",16.3
"NE","Sherman",17.8
"NE","Sioux",13.4
"NE","Stanton",14.6
"NE","Thayer",16.4
"NE","Thomas",14.5
"NE","Thurston",20.8
"NE","Valley",15.6
"NE","Washington",14.1
"NE","Wayne",12.6
"NE","Webster",16.6
"NE","Wheeler",14
"NE","York",16.5
"NH","Belknap",15.5
"NH","Carroll",15.3
"NH","Cheshire",15
"NH","Coos",18.6
"NH","Grafton",12.3
"NH","Hillsborough",14.3
"NH","Merrimack",13.5
"NH","Rockingham",12.5
"NH","Strafford",15
"NH","Sullivan",14.8
"NJ","Atlantic",16.3
"NJ","Bergen",9.7
"NJ","Burlington",12.8
"NJ","Camden",14.4
"NJ","Cape May",16.3
"NJ","Cumberland",18.2
"NJ","Essex",12.5
"NJ","Gloucester",14.8
"NJ","Hudson",10.1
"NJ","Hunterdon",9.5
"NJ","Mercer",10.8
"NJ","Middlesex",9.8
"NJ","Monmouth",11.2
"NJ","Morris",9.3
"NJ","Ocean",15.6
"NJ","Passaic",12
"NJ","Salem",17.2
"NJ","Somerset",7.7
"NJ","Sussex",13.1
"NJ","Union",11.6
"NJ","Warren",14.6
"NM","Bernalillo",13.3
"NM","Catron",15.4
"NM","Chaves",16.4
"NM","Cibola",16.7
"NM","Colfax",12.2
"NM","Curry",14.8
"NM","De Baca",14
"NM","Dona Ana",11.7
"NM","Eddy",18
"NM","Grant",12.6
"NM","Guadalupe",12.7
"NM","Harding",12.1
"NM","Hidalgo",12.7
"NM","Lea",17.3
"NM","Lincoln",15
"NM","Los Alamos",8.2
"NM","Luna",14.5
"NM","McKinley",15.3
"NM","Mora",10.5
"NM","Otero",16.4
"NM","Quay",15.4
"NM","Rio Arriba",13
"NM","Roosevelt",15.7
"NM","San Juan",17.9
"NM","San Miguel",11.3
"NM","Sandoval",13.1
"NM","Santa Fe",11.4
"NM","Sierra",17.5
"NM","Socorro",15.2
"NM","Taos",11.1
"NM","Torrance",18.2
"NM","Union",14.6
"NM","Valencia",14.9
"NV","Carson",18.4
"NV","Churchill",18.1
"NV","Clark",16.7
"NV","Douglas",14.9
"NV","Elko",16.8
"NV","Esmeralda",20.2
"NV","Eureka",16.1
"NV","Humboldt",17.7
"NV","Lander",19.5
"NV","Lincoln",16.9
"NV","Lyon",20.2
"NV","Mineral",24.5
"NV","Nye",23.2
"NV","Pershing",17.4
"NV","Storey",18.3
"NV","Washoe",14.3
"NV","White Pine",20.4
"NY","Albany",11.8
"NY","Allegany",16.2
"NY","Bronx",12.1
"NY","Broome",14.8
"NY","Cattaraugus",18.2
"NY","Cayuga",16.9
"NY","Chautauqua",17.3
"NY","Chemung",16.3
"NY","Chenango",16.7
"NY","Clinton",14.8
"NY","Columbia",14
"NY","Cortland",15
"NY","Delaware",16.4
"NY","Dutchess",11.9
"NY","Erie",14
"NY","Essex",13.7
"NY","Franklin",17
"NY","Fulton",18.4
"NY","Genesee",15.6
"NY","Greene",16.7
"NY","Hamilton",13.5
"NY","Herkimer",15.8
"NY","Jefferson",15.3
"NY","Kings",10.9
"NY","Lewis",17.6
"NY","Livingston",14.7
"NY","Madison",14.5
"NY","Monroe",11.8
"NY","Montgomery",17.4
"NY","Nassau",9.5
"NY","New York",7.7
"NY","Niagara",16.5
"NY","Oneida",15.6
"NY","Onondaga",12.8
"NY","Ontario",12.5
"NY","Orange",13.1
"NY","Orleans",17.1
"NY","Oswego",17.3
"NY","Otsego",13.8
"NY","Putnam",10
"NY","Queens",9.9
"NY","Rensselaer",14.4
"NY","Richmond",13.1
"NY","Rockland",10
"NY","Saratoga",12.1
"NY","Schenectady",14.5
"NY","Schoharie",15.5
"NY","Schuyler",16.1
"NY","Seneca",16.8
"NY","St. Lawrence",16.4
"NY","Steuben",16.2
"NY","Suffolk",12.4
"NY","Sullivan",16.6
"NY","Tioga",14.2
"NY","Tompkins",8.1
"NY","Ulster",13.6
"NY","Warren",15.3
"NY","Washington",16.7
"NY","Wayne",15.5
"NY","Westchester",9
"NY","Wyoming",17.8
"NY","Yates",15.2
"OH","Adams",23.3
"OH","Allen",19.5
"OH","Ashland",18
"OH","Ashtabula",23.4
"OH","Athens",16.4
"OH","Auglaize",17.9
"OH","Belmont",21.5
"OH","Brown",22.7
"OH","Butler",17.5
"OH","Carroll",21.6
"OH","Champaign",19.4
"OH","Clark",20.6
"OH","Clermont",17.7
"OH","Clinton",21.2
"OH","Columbiana",23.3
"OH","Coshocton",21.7
"OH","Crawford",22.4
"OH","Cuyahoga",16.5
"OH","Darke",20.2
"OH","Defiance",17.9
"OH","Delaware",10.2
"OH","Erie",17.8
"OH","Fairfield",16.7
"OH","Fayette",22.5
"OH","Franklin",15.3
"OH","Fulton",18.2
"OH","Gallia",20.7
"OH","Geauga",14.7
"OH","Greene",13.6
"OH","Guernsey",22.1
"OH","Hamilton",15.4
"OH","Hancock",16.9
"OH","Hardin",20.6
"OH","Harrison",22.8
"OH","Henry",18.8
"OH","Highland",24
"OH","Hocking",20.5
"OH","Holmes",23.2
"OH","Huron",20
"OH","Jackson",22.4
"OH","Jefferson",22.1
"OH","Knox",18.1
"OH","Lake",18.4
"OH","Lawrence",21.8
"OH","Licking",18.9
"OH","Logan",20.3
"OH","Lorain",17.1
"OH","Lucas",19.1
"OH","Madison",19.6
"OH","Mahoning",20.3
"OH","Marion",22.6
"OH","Medina",15.3
"OH","Meigs",22.5
"OH","Mercer",17.6
"OH","Miami",18.5
"OH","Monroe",19.8
"OH","Montgomery",17.7
"OH","Morgan",22.4
"OH","Morrow",19.4
"OH","Muskingum",21.8
"OH","Noble",24.4
"OH","Ottawa",18.8
"OH","Paulding",18.6
"OH","Perry",22.5
"OH","Pickaway",20.4
"OH","Pike",23.9
"OH","Portage",18.4
"OH","Preble",21.4
"OH","Putnam",15.1
"OH","Richland",20.7
"OH","Ross",22.2
"OH","Sandusky",19.7
"OH","Scioto",22.2
"OH","Seneca",19.5
"OH","Shelby",19.2
"OH","Stark",19.1
"OH","Summit",17.1
"OH","Trumbull",22.3
"OH","Tuscarawas",20.1
"OH","Union",15.8
"OH","Van Wert",18.7
"OH","Vinton",23.3
"OH","Warren",13.5
"OH","Washington",19.8
"OH","Wayne",18.8
"OH","Williams",20.5
"OH","Wood",15.2
"OH","Wyandot",20.1
"OK","Adair",24.3
"OK","Alfalfa",18.1
"OK","Atoka",20.8
"OK","Beaver",16
"OK","Beckham",21.5
"OK","Blaine",19.3
"OK","Bryan",19.3
"OK","Caddo",22.2
"OK","Canadian",16.4
"OK","Carter",21.1
"OK","Cherokee",19.7
"OK","Choctaw",21.7
"OK","Cimarron",16.4
"OK","Cleveland",15.4
"OK","Coal",22.7
"OK","Comanche",19.5
"OK","Cotton",21
"OK","Craig",23.1
"OK","Creek",22.2
"OK","Custer",16.7
"OK","Delaware",22
"OK","Dewey",17.2
"OK","Ellis",15.1
"OK","Garfield",18.5
"OK","Garvin",21.1
"OK","Grady",21.1
"OK","Grant",17.7
"OK","Greer",21.1
"OK","Harmon",17.2
"OK","Harper",16.8
"OK","Haskell",23
"OK","Hughes",23.8
"OK","Jackson",16.9
"OK","Jefferson",21.5
"OK","Johnston",20.5
"OK","Kay",21.2
"OK","Kingfisher",17.2
"OK","Kiowa",20.5
"OK","Latimer",21.6
"OK","Le Flore",22.8
"OK","Lincoln",21.6
"OK","Logan",16.8
"OK","Love",18.7
"OK","Major",17.8
"OK","Marshall",19.8
"OK","Mayes",22.7
"OK","McClain",18
"OK","McCurtain",21.4
"OK","McIntosh",22.7
"OK","Murray",21.9
"OK","Muskogee",22.3
"OK","Noble",18.8
"OK","Nowata",23
"OK","Okfuskee",23.8
"OK","Oklahoma",16.8
"OK","Okmulgee",22.9
"OK","Osage",20
"OK","Ottawa",23.8
"OK","Pawnee",20.8
"OK","Payne",14.6
"OK","Pittsburg",22.2
"OK","Pontotoc",17.8
"OK","Pottawatomie",21.9
"OK","Pushmataha",23.3
"OK","Roger Mills",17.5
"OK","Rogers",17.6
"OK","Seminole",22.9
"OK","Sequoyah",24.1
"OK","Stephens",21.4
"OK","Texas",14.3
"OK","Tillman",18.6
"OK","Tulsa",16.6
"OK","Wagoner",19
"OK","Washington",18.8
"OK","Washita",19.4
"OK","Woods",16.6
"OK","Woodward",19.8
"OR","Baker",18.6
"OR","Benton",9.5
"OR","Clackamas",12.3
"OR","Clatsop",16.9
"OR","Columbia",18.2
"OR","Coos",20.6
"OR","Crook",18.1
"OR","Curry",19
"OR","Deschutes",12.8
"OR","Douglas",20.1
"OR","Gilliam",17.3
"OR","Grant",17.1
"OR","Harney",18.7
"OR","Hood River",13
"OR","Jackson",16.6
"OR","Jefferson",16.3
"OR","Josephine",19.1
"OR","Klamath",17.5
"OR","Lake",16.8
"OR","Lane",14.7
"OR","Lincoln",17.1
"OR","Linn",16.5
"OR","Malheur",17.2
"OR","Marion",14
"OR","Morrow",17.9
"OR","Multnomah",13
"OR","Polk",13.3
"OR","Sherman",17.6
"OR","Tillamook",16.2
"OR","Umatilla",18.1
"OR","Union",17.4
"OR","Wallowa",16.5
"OR","Wasco",16.5
"OR","Washington",9.9
"OR","Wheeler",16.9
"OR","Yamhill",13
"PA","Adams",15.8
"PA","Allegheny",17
"PA","Armstrong",20.3
"PA","Beaver",19.2
"PA","Bedford",18.6
"PA","Berks",16.4
"PA","Blair",18
"PA","Bradford",18.5
"PA","Bucks",14.4
"PA","Butler",15.6
"PA","Cambria",17.6
"PA","Cameron",20.4
"PA","Carbon",19.7
"PA","Centre",10.8
"PA","Chester",10.4
"PA","Clarion",18.3
"PA","Clearfield",18.4
"PA","Clinton",17.7
"PA","Columbia",16.9
"PA","Crawford",19.8
"PA","Cumberland",12.6
"PA","Dauphin",14.7
"PA","Delaware",14.4
"PA","Elk",20
"PA","Erie",18.8
"PA","Fayette",21.5
"PA","Forest",22.7
"PA","Franklin",16.8
"PA","Fulton",17.9
"PA","Greene",19
"PA","Huntingdon",17.9
"PA","Indiana",15.3
"PA","Jefferson",19.9
"PA","Juniata",18.9
"PA","Lackawanna",17.3
"PA","Lancaster",16.1
"PA","Lawrence",18.7
"PA","Lebanon",17.6
"PA","Lehigh",15.1
"PA","Luzerne",18.1
"PA","Lycoming",17.2
"PA","McKean",20.9
"PA","Mercer",19.2
"PA","Mifflin",20.4
"PA","Monroe",15.8
"PA","Montgomery",11.8
"PA","Montour",16.9
"PA","Northampton",16.8
"PA","Northumberland",19.4
"PA","Perry",17.4
"PA","Philadelphia",16.7
"PA","Pike",18
"PA","Potter",19
"PA","Schuylkill",20.1
"PA","Snyder",17.5
"PA","Somerset",19.6
"PA","Sullivan",17.8
"PA","Susquehanna",19
"PA","Tioga",17.6
"PA","Union",16
"PA","Venango",21.5
"PA","Warren",20.1
"PA","Washington",17.9
"PA","Wayne",19.1
"PA","Westmoreland",16.7
"PA","Wyoming",17.6
"PA","York",15.8
"RI","Bristol",12.3
"RI","Kent",14.9
"RI","Newport",12
"RI","Providence",14.7
"RI","Washington",11.6
"SC","Abbeville",18.1
"SC","Aiken",15.9
"SC","Allendale",16.6
"SC","Anderson",17.4
"SC","Bamberg",15.5
"SC","Barnwell",18.4
"SC","Beaufort",12.3
"SC","Berkeley",16.6
"SC","Calhoun",15.1
"SC","Charleston",12.2
"SC","Cherokee",21.1
"SC","Chester",19.5
"SC","Chesterfield",18.6
"SC","Clarendon",16.6
"SC","Colleton",17.4
"SC","Darlington",16.4
"SC","Dillon",18.9
"SC","Dorchester",14.8
"SC","Edgefield",16.2
"SC","Fairfield",16.4
"SC","Florence",15.5
"SC","Georgetown",15.3
"SC","Greenville",14.1
"SC","Greenwood",17.6
"SC","Hampton",17.2
"SC","Horry",17.3
"SC","Jasper",17.1
"SC","Kershaw",16.7
"SC","Lancaster",18
"SC","Laurens",19
"SC","Lee",18.8
"SC","Lexington",15.4
"SC","Marion",15.9
"SC","Marlboro",18.9
"SC","McCormick",15.6
"SC","Newberry",17.3
"SC","Oconee",16.3
"SC","Orangeburg",15.6
"SC","Pickens",15.5
"SC","Richland",12.6
"SC","Saluda",16.6
"SC","Spartanburg",18
"SC","Sumter",16.8
"SC","Union",19.8
"SC","Williamsburg",15.3
"SC","York",15.4
"SD","Aurora",16.4
"SD","Beadle",17
"SD","Bennett",20.1
"SD","Bon Homme",16.9
"SD","Brookings",11.9
"SD","Brown",14.6
"SD","Brule",15.8
"SD","Buffalo",24.1
"SD","Butte",18.7
"SD","Campbell",14.9
"SD","Charles Mix",19.1
"SD","Clark",16.7
"SD","Clay",11.4
"SD","Codington",17.7
"SD","Corson",20.8
"SD","Custer",13.7
"SD","Davison",14.6
"SD","Day",17.8
"SD","Deuel",15.5
"SD","Dewey",23
"SD","Douglas",15.6
"SD","Edmunds",14.1
"SD","Fall River",17.4
"SD","Faulk",17.1
"SD","Grant",19.2
"SD","Gregory",16.2
"SD","Haakon",14.1
"SD","Hamlin",16.2
"SD","Hand",15.6
"SD","Hanson",15.2
"SD","Harding",12.4
"SD","Hughes",13
"SD","Hutchinson",13.9
"SD","Hyde",17.2
"SD","Jackson",18.6
"SD","Jerauld",16.9
"SD","Jones",16.8
"SD","Kingsbury",14.3
"SD","Lake",13.8
"SD","Lawrence",14.8
"SD","Lincoln",11.3
"SD","Lyman",17.5
"SD","Marshall",15.7
"SD","McCook",14.6
"SD","McPherson",15.8
"SD","Meade",16.3
"SD","Mellette",19.9
"SD","Miner",15
"SD","Minnehaha",15.5
"SD","Moody",15.3
"SD","Pennington",16.5
"SD","Perkins",15.1
"SD","Potter",15.9
"SD","Roberts",18.7
"SD","Sanborn",16
"SD","Shannon",23.7
"SD","Spink",15.4
"SD","Stanley",16.3
"SD","Sully",13.4
"SD","Todd",22.6
"SD","Tripp",17.4
"SD","Turner",15.1
"SD","Union",13.2
"SD","Walworth",17.1
"SD","Yankton",16.1
"SD","Ziebach",21.2
"TN","Anderson",19.5
"TN","Bedford",20.9
"TN","Benton",22.4
"TN","Bledsoe",23.7
"TN","Blount",18.5
"TN","Bradley",20.6
"TN","Campbell",26.3
"TN","Cannon",22.5
"TN","Carroll",20.7
"TN","Carter",23.1
"TN","Cheatham",20.1
"TN","Chester",19.2
"TN","Claiborne",22.7
"TN","Clay",19.6
"TN","Cocke",24
"TN","Coffee",20.2
"TN","Crockett",19.5
"TN","Cumberland",21.6
"TN","Davidson",14.8
"TN","Decatur",20.3
"TN","DeKalb",20.7
"TN","Dickson",21.8
"TN","Dyer",19.9
"TN","Fayette",16.1
"TN","Fentress",23.1
"TN","Franklin",19.9
"TN","Gibson",20.4
"TN","Giles",20.4
"TN","Grainger",22.9
"TN","Greene",21.5
"TN","Grundy",22.9
"TN","Hamblen",21.2
"TN","Hamilton",17.3
"TN","Hancock",23.8
"TN","Hardeman",20.3
"TN","Hardin",21.7
"TN","Hawkins",23
"TN","Haywood",18.9
"TN","Henderson",20.7
"TN","Henry",22
"TN","Hickman",23
"TN","Houston",22.5
"TN","Humphreys",21.6
"TN","Jackson",23.3
"TN","Jefferson",21.9
"TN","Johnson",23.3
"TN","Knox",14.7
"TN","Lake",23.8
"TN","Lauderdale",22.1
"TN","Lawrence",21.4
"TN","Lewis",23.6
"TN","Lincoln",21
"TN","Loudon",18.2
"TN","Macon",23.5
"TN","Madison",16.8
"TN","Marion",21.6
"TN","Marshall",21.1
"TN","Maury",20.4
"TN","McMinn",21.5
"TN","McNairy",20.9
"TN","Meigs",24.8
"TN","Monroe",22.8
"TN","Montgomery",17.8
"TN","Moore",20
"TN","Morgan",24.2
"TN","Obion",21.4
"TN","Overton",20.9
"TN","Perry",23
"TN","Pickett",20.4
"TN","Polk",22.7
"TN","Putnam",19.1
"TN","Rhea",23.4
"TN","Roane",20.6
"TN","Robertson",20.7
"TN","Rutherford",15.5
"TN","Scott",24.5
"TN","Sequatchie",22
"TN","Sevier",19.6
"TN","Shelby",14.6
"TN","Smith",21.3
"TN","Stewart",21.5
"TN","Sullivan",21.9
"TN","Sumner",18.7
"TN","Tipton",19.7
"TN","Trousdale",21.6
"TN","Unicoi",24
"TN","Union",24.2
"TN","Van Buren",23.1
"TN","Warren",21.2
"TN","Washington",18.6
"TN","Wayne",22.8
"TN","Weakley",19.1
"TN","White",22.6
"TN","Williamson",9.9
"TN","Wilson",17
"TX","Anderson",19.8
"TX","Andrews",15.4
"TX","Angelina",17.5
"TX","Aransas",15.1
"TX","Archer",15.6
"TX","Armstrong",12.9
"TX","Atascosa",12.6
"TX","Austin",13.8
"TX","Bailey",13.7
"TX","Bandera",13.9
"TX","Bastrop",13.9
"TX","Baylor",15
"TX","Bee",15.2
"TX","Bell",13.5
"TX","Bexar",11.4
"TX","Blanco",12.8
"TX","Borden",11.6
"TX","Bosque",16.4
"TX","Bowie",16.6
"TX","Brazoria",12.2
"TX","Brazos",10.7
"TX","Brewster",9.5
"TX","Briscoe",14.5
"TX","Brooks",10.4
"TX","Brown",17.3
"TX","Burleson",17.1
"TX","Burnet",15.5
"TX","Caldwell",14.5
"TX","Calhoun",13.2
"TX","Callahan",17.4
"TX","Cameron",8.1
"TX","Camp",16.8
"TX","Carson",14.2
"TX","Cass",18
"TX","Castro",13
"TX","Chambers",14.7
"TX","Cherokee",18
"TX","Childress",15.7
"TX","Clay",16.3
"TX","Cochran",13.2
"TX","Coke",15.1
"TX","Coleman",17.9
"TX","Collin",8.8
"TX","Collingsworth",13.5
"TX","Colorado",14.5
"TX","Comal",11.4
"TX","Comanche",15.3
"TX","Concho",14.7
"TX","Cooke",17
"TX","Coryell",16.2
"TX","Cottle",12.5
"TX","Crane",14
"TX","Crockett",15.1
"TX","Crosby",12.7
"TX","Culberson",11.1
"TX","Dallam",17.5
"TX","Dallas",12.9
"TX","Dawson",16.1
"TX","Deaf Smith",12.5
"TX","Delta",17.1
"TX","Denton",10.6
"TX","DeWitt",16
"TX","Dickens",16.1
"TX","Dimmit",10.8
"TX","Donley",15.5
"TX","Duval",10.7
"TX","Eastland",17.5
"TX","Ector",16.4
"TX","Edwards",11.2
"TX","El Paso",10.8
"TX","Ellis",14.6
"TX","Erath",14.8
"TX","Falls",17.1
"TX","Fannin",18.5
"TX","Fayette",14.6
"TX","Fisher",14.3
"TX","Floyd",12.1
"TX","Foard",15
"TX","Fort Bend",8.7
"TX","Franklin",14.7
"TX","Freestone",18.5
"TX","Frio",12.9
"TX","Gaines",16.4
"TX","Galveston",12.5
"TX","Garza",16.6
"TX","Gillespie",13.3
"TX","Glasscock",12.3
"TX","Goliad",13.4
"TX","Gonzales",13.7
"TX","Gray",17.8
"TX","Grayson",17.5
"TX","Gregg",16.8
"TX","Grimes",17.8
"TX","Guadalupe",12.4
"TX","Hale",14.2
"TX","Hall",14.4
"TX","Hamilton",17.2
"TX","Hansford",13.3
"TX","Hardeman",15.8
"TX","Hardin",18.3
"TX","Harris",11.2
"TX","Harrison",16.6
"TX","Hartley",15
"TX","Haskell",15.6
"TX","Hays",9.9
"TX","Hemphill",16.2
"TX","Henderson",19.8
"TX","Hidalgo",8.1
"TX","Hill",16.3
"TX","Hockley",13
"TX","Hood",16.5
"TX","Hopkins",17.6
"TX","Houston",17.7
"TX","Howard",17.5
"TX","Hudspeth",11.9
"TX","Hunt",17.5
"TX","Hutchinson",18.2
"TX","Irion",16.5
"TX","Jack",19.3
"TX","Jackson",14.7
"TX","Jasper",18.4
"TX","Jeff Davis",10.8
"TX","Jefferson",16.1
"TX","Jim Hogg",10.3
"TX","Jim Wells",11.4
"TX","Johnson",17.1
"TX","Jones",18.8
"TX","Karnes",14.6
"TX","Kaufman",16.3
"TX","Kendall",10
"TX","Kenedy",8.2
"TX","Kent",12.9
"TX","Kerr",13
"TX","Kimble",15.6
"TX","King",12.8
"TX","Kinney",13.2
"TX","Kleberg",10
"TX","Knox",14.9
"TX","La Salle",13.5
"TX","Lamar",17.7
"TX","Lamb",13.6
"TX","Lampasas",15.2
"TX","Lavaca",15.4
"TX","Lee",15.5
"TX","Leon",17.4
"TX","Liberty",18.7
"TX","Limestone",16.9
"TX","Lipscomb",13.2
"TX","Live Oak",14.3
"TX","Llano",17.9
"TX","Loving",20.6
"TX","Lubbock",13.7
"TX","Lynn",13.7
"TX","Madison",18
"TX","Marion",18.5
"TX","Martin",14.5
"TX","Mason",11.7
"TX","Matagorda",14.1
"TX","Maverick",9.2
"TX","McCulloch",15.6
"TX","McLennan",14.4
"TX","McMullen",17.4
"TX","Medina",11.9
"TX","Menard",14
"TX","Midland",13.7
"TX","Milam",16
"TX","Mills",14.8
"TX","Mitchell",16.6
"TX","Montague",18
"TX","Montgomery",13.1
"TX","Moore",14.2
"TX","Morris",16.6
"TX","Motley",13.9
"TX","Nacogdoches",14.3
"TX","Navarro",16.4
"TX","Newton",19.5
"TX","Nolan",16
"TX","Nueces",12.3
"TX","Ochiltree",15.2
"TX","Oldham",13.2
"TX","Orange",20.2
"TX","Palo Pinto",18.4
"TX","Panola",19.4
"TX","Parker",15.2
"TX","Parmer",13
"TX","Pecos",13.4
"TX","Polk",19.2
"TX","Potter",16.5
"TX","Presidio",8.4
"TX","Rains",19.8
"TX","Randall",12.9
"TX","Reagan",14.6
"TX","Real",13.3
"TX","Red River",18.9
"TX","Reeves",13.7
"TX","Refugio",13.9
"TX","Roberts",10.5
"TX","Robertson",15.9
"TX","Rockwall",11.6
"TX","Runnels",15.7
"TX","Rusk",17.5
"TX","Sabine",18.8
"TX","San Augustine",20
"TX","San Jacinto",18.6
"TX","San Patricio",13.7
"TX","San Saba",16.4
"TX","Schleicher",11.2
"TX","Scurry",16
"TX","Shackelford",14.7
"TX","Shelby",16.8
"TX","Sherman",11.2
"TX","Smith",14.8
"TX","Somervell",12
"TX","Starr",10
"TX","Stephens",18.2
"TX","Sterling",11.8
"TX","Stonewall",11.8
"TX","Sutton",12.8
"TX","Swisher",13.7
"TX","Tarrant",13
"TX","Taylor",14.9
"TX","Terrell",12.7
"TX","Terry",15.8
"TX","Throckmorton",16
"TX","Titus",15
"TX","Tom Green",14.3
"TX","Travis",9.2
"TX","Trinity",20.4
"TX","Tyler",19.8
"TX","Upshur",18.2
"TX","Upton",12.7
"TX","Uvalde",11.3
"TX","Val Verde",11.1
"TX","Van Zandt",20
"TX","Victoria",14.2
"TX","Walker",16.1
"TX","Waller",13
"TX","Ward",16.1
"TX","Washington",13.9
"TX","Webb",8.7
"TX","Wharton",14.8
"TX","Wheeler",13.9
"TX","Wichita",16.6
"TX","Wilbarger",16.7
"TX","Willacy",9.8
"TX","Williamson",9.9
"TX","Wilson",12.6
"TX","Winkler",17.6
"TX","Wise",16.4
"TX","Wood",18.2
"TX","Yoakum",12.8
"TX","Young",18.5
"TX","Zapata",10.1
"TX","Zavala",10.1
"UT","Beaver",15.5
"UT","Box Elder",10.5
"UT","Cache",8.1
"UT","Carbon",13.6
"UT","Daggett",14.2
"UT","Davis",7.2
"UT","Duchesne",11.9
"UT","Emery",15.1
"UT","Garfield",13.6
"UT","Grand",15.2
"UT","Iron",11.4
"UT","Juab",12.8
"UT","Kane",11.1
"UT","Millard",13.9
"UT","Morgan",8.5
"UT","Piute",14.5
"UT","Rich",12.6
"UT","Salt Lake",9.1
"UT","San Juan",16.3
"UT","Sanpete",11.6
"UT","Sevier",14.8
"UT","Summit",7
"UT","Tooele",11.2
"UT","Uintah",16.1
"UT","Utah",5.7
"UT","Wasatch",7
"UT","Washington",11.5
"UT","Wayne",12.2
"UT","Weber",11.7
"VA","Accomack",16.6
"VA","Albemarle",9.3
"VA","Alexandria",8.2
"VA","Alleghany",19.4
"VA","Amelia",18.4
"VA","Amherst",19.6
"VA","Appomattox",18.4
"VA","Arlington",6.4
"VA","Augusta/Waynesboro",18.9
"VA","Bath",19.4
"VA","Bedford/Bedford",18.1
"VA","Bland",20.6
"VA","Botetourt",16.8
"VA","Bristol",23.3
"VA","Brunswick",19.5
"VA","Buchanan",23.2
"VA","Buckingham",18.8
"VA","Buena Vista",25.5
"VA","Campbell",19.8
"VA","Caroline",17.4
"VA","Carroll",20.5
"VA","Charles",18.2
"VA","Charlotte",18.6
"VA","Charlottesville",12.7
"VA","Chesapeake",14.3
"VA","Chesterfield",13.3
"VA","Clarke",13.4
"VA","Colonial Heights",21
"VA","Covington",24.5
"VA","Craig",19.2
"VA","Culpeper",16.1
"VA","Cumberland",17.5
"VA","Danville",19.4
"VA","Dickenson",22.8
"VA","Dinwiddie",19.4
"VA","Emporia",19.6
"VA","Essex",17.7
"VA","Fairfax/Fairfax",7.6
"VA","Falls Church",5.4
"VA","Fauquier",13.9
"VA","Floyd",17.7
"VA","Fluvanna",15.3
"VA","Franklin",17.7
"VA","Frederick",16.4
"VA","Fredericksburg",13.3
"VA","Galax",20.8
"VA","Giles",20.4
"VA","Gloucester",17
"VA","Goochland",12.7
"VA","Grayson",21
"VA","Greene",17.5
"VA","Greensville",19.9
"VA","Halifax",19
"VA","Hampton",15
"VA","Hanover",13.9
"VA","Harrisonburg",13.1
"VA","Henrico",12.4
"VA","Henry",20
"VA","Highland",17.2
"VA","Hopewell",23
"VA","Isle of Wight",14.9
"VA","James",11.5
"VA","King and Queen",18.3
"VA","King George",13
"VA","King William",17.4
"VA","Lancaster",15.2
"VA","Lee",21.3
"VA","Lexington",12.4
"VA","Loudoun",7.4
"VA","Louisa",17.7
"VA","Lunenburg",20.2
"VA","Lynchburg",16.3
"VA","Madison",18.1
"VA","Manassas",14.6
"VA","Martinsville",16.3
"VA","Mathews",15.5
"VA","Mecklenburg",19.8
"VA","Middlesex",14.4
"VA","Montgomery",12.5
"VA","Nelson",16.6
"VA","New Kent",16.5
"VA","Newport News",16.1
"VA","Norfolk",15.1
"VA","Northampton",15.7
"VA","Northumberland",16.2
"VA","Norton",23.4
"VA","Nottoway",21.1
"VA","Orange",16.9
"VA","Page",22.2
"VA","Patrick",21.3
"VA","Petersburg",19.8
"VA","Pittsylvania",19.1
"VA","Poquoson",13.7
"VA","Portsmouth",17.7
"VA","Powhatan",15.6
"VA","Prince Edward",16.4
"VA","Prince George",16.7
"VA","Prince William/Manassas Park",12.4
"VA","Pulaski",20.6
"VA","Radford",16
"VA","Rappahannock",14.6
"VA","Richmond",14.9
"VA","Richmond",20.1
"VA","Roanoke",20.2
"VA","Roanoke",15.4
"VA","Rockbridge",17.6
"VA","Rockingham",16.7
"VA","Russell",21.5
"VA","Salem",18.3
"VA","Scott",21.4
"VA","Shenandoah",19.1
"VA","Smyth",20.7
"VA","Southampton/Franklin",18.6
"VA","Spotsylvania",13.6
"VA","Stafford",12.1
"VA","Staunton",15.7
"VA","Suffolk",15.7
"VA","Surry",16.3
"VA","Sussex",19.4
"VA","Tazewell",20.8
"VA","Virginia Beach",13.5
"VA","Warren",18.9
"VA","Washington",17.5
"VA","Westmoreland",18.7
"VA","Williamsburg",10.6
"VA","Winchester",18.2
"VA","Wise",22.8
"VA","Wythe",20.4
"VA","York",11.3
"VT","Addison",11.8
"VT","Bennington",13.8
"VT","Caledonia",14.2
"VT","Chittenden",10
"VT","Essex",15.8
"VT","Franklin",15.7
"VT","Grand Isle",12.2
"VT","Lamoille",11.8
"VT","Orange",13.4
"VT","Orleans",16.9
"VT","Rutland",14.4
"VT","Washington",12
"VT","Windham",12.4
"VT","Windsor",12.2
"WA","Adams",11.4
"WA","Asotin",19.1
"WA","Benton",12.9
"WA","Chelan",13.2
"WA","Clallam",16.7
"WA","Clark",13.3
"WA","Columbia",15.8
"WA","Cowlitz",17.5
"WA","Douglas",14
"WA","Ferry",17.5
"WA","Franklin",13.5
"WA","Garfield",12
"WA","Grant",13.7
"WA","Grays Harbor",19.6
"WA","Island",12.9
"WA","Jefferson",13.7
"WA","King",9.1
"WA","Kitsap",13.9
"WA","Kittitas",11.2
"WA","Klickitat",15.3
"WA","Lewis",17.5
"WA","Lincoln",14.4
"WA","Mason",17.6
"WA","Okanogan",15.1
"WA","Pacific",17.6
"WA","Pend Oreille",17.3
"WA","Pierce",14.6
"WA","San Juan",10.3
"WA","Skagit",14.5
"WA","Skamania",13.3
"WA","Snohomish",14
"WA","Spokane",15.1
"WA","Stevens",15.6
"WA","Thurston",13.2
"WA","Wahkiakum",16.5
"WA","Walla Walla",13.1
"WA","Whatcom",12.5
"WA","Whitman",8
"WA","Yakima",13.5
"WI","Adams",19.1
"WI","Ashland",17.3
"WI","Barron",17.4
"WI","Bayfield",15
"WI","Brown",13.9
"WI","Buffalo",16.3
"WI","Burnett",16.5
"WI","Calumet",13.2
"WI","Chippewa",16.8
"WI","Clark",18.4
"WI","Columbia",16.6
"WI","Crawford",17.8
"WI","Dane",10.1
"WI","Dodge",17.5
"WI","Door",13.5
"WI","Douglas",17.5
"WI","Dunn",14.6
"WI","Eau Claire",14
"WI","Florence",18.1
"WI","Fond du Lac",16
"WI","Forest",20.6
"WI","Grant",15.5
"WI","Green",15.9
"WI","Green Lake",18
"WI","Iowa",14.4
"WI","Iron",16.6
"WI","Jackson",19.3
"WI","Jefferson",15.4
"WI","Juneau",19.6
"WI","Kenosha",15.8
"WI","Kewaunee",16.7
"WI","La Crosse",15.3
"WI","Lafayette",15.4
"WI","Langlade",19.7
"WI","Lincoln",18.1
"WI","Manitowoc",16
"WI","Marathon",15.9
"WI","Marinette",19.7
"WI","Marquette",19.6
"WI","Menominee",22.6
"WI","Milwaukee",15.4
"WI","Monroe",19.5
"WI","Oconto",18
"WI","Oneida",16.3
"WI","Outagamie",14
"WI","Ozaukee",11.1
"WI","Pepin",15.8
"WI","Pierce",14
"WI","Polk",16.1
"WI","Portage",14.1
"WI","Price",17.4
"WI","Racine",15.8
"WI","Richland",17.5
"WI","Rock",17.2
"WI","Rusk",18.3
"WI","Sauk",16.7
"WI","Sawyer",17.4
"WI","Shawano",18.1
"WI","Sheboygan",15.5
"WI","St. Croix",12.7
"WI","Taylor",18.3
"WI","Trempealeau",17
"WI","Vernon",17.4
"WI","Vilas",16.7
"WI","Walworth",14.9
"WI","Washburn",16.4
"WI","Washington",14.1
"WI","Waukesha",11.7
"WI","Waupaca",17.3
"WI","Waushara",18.7
"WI","Winnebago",15.9
"WI","Wood",17.3
"WV","Barbour",22.7
"WV","Berkeley",20.6
"WV","Boone",27.6
"WV","Braxton",24.4
"WV","Brooke",24.6
"WV","Cabell",21.8
"WV","Calhoun",26
"WV","Clay",26.7
"WV","Doddridge",24.7
"WV","Fayette",26.5
"WV","Gilmer",22.2
"WV","Grant",25.2
"WV","Greenbrier",22.1
"WV","Hampshire",26.7
"WV","Hancock",25.5
"WV","Hardy",26.1
"WV","Harrison",20.8
"WV","Jackson",23.5
"WV","Jefferson",16.6
"WV","Kanawha",21.4
"WV","Lewis",22.5
"WV","Lincoln",26.5
"WV","Logan",26.8
"WV","Marion",21
"WV","Marshall",23.1
"WV","Mason",27.3
"WV","McDowell",28
"WV","Mercer",23.2
"WV","Mineral",23.7
"WV","Mingo",25.8
"WV","Monongalia",16.3
"WV","Monroe",22.6
"WV","Morgan",21.9
"WV","Nicholas",23.4
"WV","Ohio",21.1
"WV","Pendleton",22.4
"WV","Pleasants",24.6
"WV","Pocahontas",21.1
"WV","Preston",23.9
"WV","Putnam",19.9
"WV","Raleigh",24.5
"WV","Randolph",22.2
"WV","Ritchie",24.5
"WV","Roane",27.8
"WV","Summers",22.9
"WV","Taylor",22.1
"WV","Tucker",20.8
"WV","Tyler",23.9
"WV","Upshur",21.4
"WV","Wayne",25.5
"WV","Webster",25.3
"WV","Wetzel",23.1
"WV","Wirt",24.1
"WV","Wood",23.3
"WV","Wyoming",26.4
"WY","Albany",10.4
"WY","Big Horn",15.8
"WY","Campbell",18.7
"WY","Carbon",17.2
"WY","Converse",18
"WY","Crook",16.7
"WY","Fremont",16.9
"WY","Goshen",17.2
"WY","Hot Springs",17.4
"WY","Johnson",15.1
"WY","Laramie",16.5
"WY","Lincoln",12.8
"WY","Natrona",18.8
"WY","Niobrara",17.7
"WY","Park",13.4
"WY","Platte",17.6
"WY","Sheridan",16.7
"WY","Sublette",11.2
"WY","Sweetwater",17.4
"WY","Teton",8.1
"WY","Uinta",16.1
"WY","Washakie",16.1
"WY","Weston",18.7
